link_id,geometry,poi_id,percfrref,poi_name,total_distance_m,point_at_percent_lat,point_at_percent_lon,pois_encontrados
1341339647,"LINESTRING (-99.62854 19.26948, -99.62957 19.27045)",1164892023,97.0,INSTITUTO CENCA,12159.89240408573,19.2704209,-99.6295391,Instituto Cenca Plantel Benito Juarez
702696670,"LINESTRING (-99.6262 19.2705, -99.62733 19.27055)",1059482895,99.0,ESC PRIM MIGUEL HGO Y COSTILLA,,,,
780258077,"LINESTRING (-99.62613 19.26974, -99.62596 19.27086, -99.62585 19.27138)",1112899769,62.0,FRALAGA,101873.45428237294,19.270898972089054,-99.62595175590424,No encontrado
1119989600,"LINESTRING (-99.62079 19.26999, -99.6221 19.27146)",1210199641,41.0,PARROQUIA DE SAN CARLOS BORROMEO,29286.89887618647,19.2705927,-99.6213271,No encontrado
1119989600,"LINESTRING (-99.62079 19.26999, -99.6221 19.27146)",1059360158,73.0,IGLESIA SAN BARTOLO,29286.89887618647,19.2710631,-99.6217463,No encontrado
1346737015,"LINESTRING (-99.62957 19.27045, -99.6297 19.27056)",1154356661,50.0,TACO SALSA,,,,
1346737015,"LINESTRING (-99.62957 19.27045, -99.6297 19.27056)",1154356662,50.0,OXXO,,,,
702704160,"LINESTRING (-99.62733 19.27055, -99.62729 19.27136)",1222901799,34.0,ESCUELA MIGUEL HIDALGO,48952.05130115079,19.2708254,-99.6273164,No encontrado
702704160,"LINESTRING (-99.62733 19.27055, -99.62729 19.27136)",1203259847,98.0,OXXO,48952.05130115079,19.2713438,-99.6272908,Oxxo Gas; Oxxo Gas; Oxxo Gas
702684291,"LINESTRING (-99.6265 19.27084, -99.62645 19.27136)",1210225169,49.0,IGLESIA CRISTIANA ADVENTISTA DE 7 DIA,39997.20469802782,19.2710948,-99.6264755,No encontrado
702684291,"LINESTRING (-99.6265 19.27084, -99.62645 19.27136)",1210225169,49.0,IGL. CRIST. ADV. DE 7 DIA,39997.20469802782,19.2710948,-99.6264755,No encontrado
1115318748,"LINESTRING (-99.62994 19.27078, -99.63038 19.27116)",1005055141,66.0,GIMSA AUTOMOTRIZ,,,,
1115318748,"LINESTRING (-99.62994 19.27078, -99.63038 19.27116)",1122250878,66.0,GIMSA AUTOMOTRIZ,,,,
1115318748,"LINESTRING (-99.62994 19.27078, -99.63038 19.27116)",1163982624,99.0,LINCOLN TOLUCA,,,,
1115318748,"LINESTRING (-99.62994 19.27078, -99.63038 19.27116)",1122251630,99.0,LINCOLN TOLUCA,,,,
702718004,"LINESTRING (-99.63442 19.27134, -99.63399 19.27146, -99.63387 19.27147, -99.63373 19.27146)",1178942893,10.0,MISC GIOVANNI JR,73994.9468208518,19.271363515435162,-99.63433573635733,No encontrado
702700664,"LINESTRING (-99.59309 19.27036, -99.59352 19.27042)",1209448915,39.0,FARMACIA SANTAMARÍA,,,,
702725296,"LINESTRING (-99.59266 19.2703, -99.59258 19.27073)",1059416374,61.0,TORTILLERIA MARCOS,37689.46012483402,19.270562299999998,-99.5926112,No encontrado
847922665,"LINESTRING (-99.5877 19.27056, -99.58795 19.27057)",1048854903,39.0,INDIGO INSTITUTE,,,,
847962586,"LINESTRING (-99.58852 19.27057, -99.58851 19.2706)",1164892288,1.0,BODEGA AURRERA,10500.53511753148,19.2705703,-99.58851990000001,Bodega Aurrera
847962586,"LINESTRING (-99.58852 19.27057, -99.58851 19.2706)",1192817846,1.0,CLUB RX,10500.53511753148,19.2705703,-99.58851990000001,No encontrado
847962586,"LINESTRING (-99.58852 19.27057, -99.58851 19.2706)",1048912755,1.0,FARMACIAS GUADALAJARA,10500.53511753148,19.2705703,-99.58851990000001,No encontrado
702671728,"LINESTRING (-99.59365 19.27089, -99.59388 19.27093)",1244302628,56.0,ABARROTES BETO,,,,
702671728,"LINESTRING (-99.59365 19.27089, -99.59388 19.27093)",1244302614,56.0,RECAUDERIA BETO,,,,
702671728,"LINESTRING (-99.59365 19.27089, -99.59388 19.27093)",1244301305,99.0,REGALOS DE CHIC,,,,
1176028876,"LINESTRING (-99.59683 19.27067, -99.59629 19.27153)",1059255484,96.0,ESC PRIM PROF MANUEL HINOJOSA GILES,61648.36596642862,19.271495599999998,-99.59631159999999,No encontrado
1175913898,"LINESTRING (-99.59221 19.27067, -99.59213 19.2716, -99.59216 19.27166, -99.59224 19.27169, -99.59251 19.2717, -99.59257 19.27168, -99.59261 19.2716, -99.59275 19.27076)",1222780323,53.0,ESCUELA BANDERA NACIONAL,,,,
1176015807,"LINESTRING (-99.60437 19.27042, -99.60437 19.27078)",1048932414,96.0,BACHILLERATO TECNOLÓGICO CI,31939.490922206383,19.270765599999997,-99.60437,No encontrado
1346441489,"LINESTRING (-99.60169 19.27021, -99.60167 19.27102)",1048854295,65.0,CECYTEM,48433.48364104628,19.270736499999998,-99.601677,No encontrado
1329646448,"LINESTRING (-99.60698 19.27026, -99.60698 19.27044, -99.60702 19.27059, -99.6071 19.27073)",1164892693,33.0,HSBC,54540.03479043673,19.270403446214267,-99.60698,No encontrado
1329646448,"LINESTRING (-99.60698 19.27026, -99.60698 19.27044, -99.60702 19.27059, -99.6071 19.27073)",1048859348,33.0,WALMART EXPRESS,54540.03479043673,19.270403446214267,-99.60698,No encontrado
1329646448,"LINESTRING (-99.60698 19.27026, -99.60698 19.27044, -99.60702 19.27059, -99.6071 19.27073)",1164892366,33.0,CITIBANAMEX,54540.03479043673,19.270403446214267,-99.60698,No encontrado
1329646448,"LINESTRING (-99.60698 19.27026, -99.60698 19.27044, -99.60702 19.27059, -99.6071 19.27073)",1233459497,39.0,DULCE AROMA,54540.03479043673,19.27042952734413,-99.60698,No encontrado
779382835,"LINESTRING (-99.6071 19.27087, -99.60605 19.2709)",1222775961,59.0,ESCUELA LEÓN TOLSTOI,52309.80303805845,19.2708877,-99.6064805,No encontrado
847903268,"LINESTRING (-99.6071 19.27087, -99.6071 19.27148)",1164892456,25.0,ESC PRIM PROF JOSÉ CARRANZA GTZ,41575.930005845265,19.2710225,-99.6071,No encontrado
847903268,"LINESTRING (-99.6071 19.27087, -99.6071 19.27148)",1233459487,39.0,DULCE AROMA,41575.930005845265,19.2711079,-99.6071,No encontrado
847903268,"LINESTRING (-99.6071 19.27087, -99.6071 19.27148)",1192817746,89.0,MY FITNESS,41575.930005845265,19.2714129,-99.6071,My Fitness Sport Revolucion
1191296002,"LINESTRING (-99.60115 19.27099, -99.60127 19.27113, -99.60137 19.27128, -99.60146 19.27144)",1192314136,1.0,PROYECTO DIABLOS ROJOS,37854.322520662616,19.27099547448976,-99.6011546924198,No encontrado
1240195441,"LINESTRING (-99.60168 19.27113, -99.60169 19.27156)",1164892632,21.0,COMEX,34543.3067250281,19.2712203,-99.6016821,No encontrado
1240195441,"LINESTRING (-99.60168 19.27113, -99.60169 19.27156)",1164892668,21.0,PLAZA GOBERNADORES,34543.3067250281,19.2712203,-99.6016821,No encontrado
1176605270,"LINESTRING (-99.60975 19.27163, -99.61064 19.27165)",1178054104,62.0,CHEDRAUI,,,,
939199332,"LINESTRING (-99.64464 19.27013, -99.64272 19.27055)",1178940592,84.0,NIETO,77706.68915692369,19.2704828,-99.64302719999999,No encontrado
939199332,"LINESTRING (-99.64464 19.27013, -99.64272 19.27055)",1178940593,72.0,HERCULES,77706.68915692369,19.2704324,-99.6432576,No encontrado
1296526969,"LINESTRING (-99.6423 19.2704, -99.6418 19.27052)",1244439551,10.0,TOLUCA CENTRO,40032.156488002685,19.270412,-99.64225,No encontrado
1296526966,"LINESTRING (-99.64108 19.2704, -99.6404 19.27056)",1244944824,50.0,TOLUCA CENTRO,46587.92011702183,19.27048,-99.64074,Estación Toluca Centro; Estación Toluca Centro; Toluca Centro; Toluca Centro; 01-A085-08 : CALIMAYA → Toluca CENTRO; 01-A085-19 : Zaragoza → Toluca Centro; 01-A085-19 : Toluca Centro → Zaragoza; 01-A085-20 : La Huerta → Toluca Centro; 01-A085-20 : Toluca Centro → La Huerta; 01-A137-05 : Santa María Nativitas → Toluca Centro
702722866,"LINESTRING (-99.63501 19.27018, -99.63419 19.27098)",1244248545,25.0,MISCELÁNEA,65859.92934342967,19.27038,-99.634805,No encontrado
702722866,"LINESTRING (-99.63501 19.27018, -99.63419 19.27098)",1178939983,32.0,TIENDA DE ABARROTES,65859.92934342967,19.270436,-99.6347476,No encontrado
1267220126,"LINESTRING (-99.64774 19.27048, -99.64799 19.27107)",1178919392,25.0,CHEVY GALERYA,32258.642125216174,19.2706275,-99.6478025,No encontrado
1267220126,"LINESTRING (-99.64774 19.27048, -99.64799 19.27107)",1192852543,36.0,EL SOMBRA,32258.642125216174,19.2706924,-99.64783,No encontrado
1267220126,"LINESTRING (-99.64774 19.27048, -99.64799 19.27107)",1178918631,42.0,DEPOSITO SUPER C,32258.642125216174,19.2707278,-99.64784499999999,No encontrado
1267220126,"LINESTRING (-99.64774 19.27048, -99.64799 19.27107)",1178918633,0.0,SURTEK,32258.642125216174,19.27048,-99.64774,No encontrado
1267220126,"LINESTRING (-99.64774 19.27048, -99.64799 19.27107)",1178918632,57.0,MAGNAFLOW,32258.642125216174,19.2708163,-99.6478825,No encontrado
1141740459,"LINESTRING (-99.64459 19.27051, -99.64456 19.27069)",1244437412,39.0,CAJERO AUTOMÁTICO BANORTE-IXE,24203.647761825476,19.2705802,-99.64457829999999,No encontrado
798711119,"LINESTRING (-99.64353 19.27066, -99.64456 19.27069)",1178940604,10.0,PAPELERIA CUELLAR,,,,
702700358,"LINESTRING (-99.63755 19.27054, -99.63641 19.27078)",1179042004,71.0,POLLERIA Y RECAUDERIA,59654.52722525435,19.2707104,-99.6367406,No encontrado
702721512,"LINESTRING (-99.63755 19.27054, -99.63758 19.27101)",1200787905,21.0,ALCOHÓLICOS ANÓNIMOS,35441.318013000055,19.2706387,-99.6375563,No encontrado
702721512,"LINESTRING (-99.63755 19.27054, -99.63758 19.27101)",1178940044,24.0,EL HUEQUITO,35441.318013000055,19.2706528,-99.6375572,No encontrado
702721512,"LINESTRING (-99.63755 19.27054, -99.63758 19.27101)",1178940045,43.0,PAPELERIA,35441.318013000055,19.2707421,-99.6375629,No encontrado
702650117,"LINESTRING (-99.63881 19.2707, -99.63758 19.27101)",1178940773,13.0,SERVICIO AUTOMOTRIZ,63121.10758853849,19.2707403,-99.6386501,No encontrado
702650117,"LINESTRING (-99.63881 19.2707, -99.63758 19.27101)",1178940774,37.0,LOFSA REFACCIONES DIESEL,63121.10758853849,19.270814700000003,-99.63835490000001,No encontrado
702650117,"LINESTRING (-99.63881 19.2707, -99.63758 19.27101)",1178940776,70.0,CENTRAL DE AUTOPARTES ORIENTALES,63121.10758853849,19.270917,-99.637949,No encontrado
702650117,"LINESTRING (-99.63881 19.2707, -99.63758 19.27101)",1178940778,91.0,EMMANUEL,63121.10758853849,19.2709821,-99.63769070000001,No encontrado
702717903,"LINESTRING (-99.64353 19.27066, -99.64347 19.27131)",1178942544,63.0,MISCELÁNEA MARU,44647.61701713324,19.2710695,-99.6434922,No encontrado
702717903,"LINESTRING (-99.64353 19.27066, -99.64347 19.27131)",1178940608,70.0,TIENDA DE ABARROTES,44647.61701713324,19.271114999999998,-99.64348799999999,No encontrado
702655736,"LINESTRING (-99.64177 19.27078, -99.64174 19.27081, -99.64171 19.27085, -99.64169 19.27089, -99.64168 19.27092, -99.64167 19.27099, -99.64166 19.27108, -99.64165 19.27128)",1214190093,77.0,ENFORMATE GOMNASIO,105757.41484828012,19.27108005445716,-99.64165999727715,No encontrado
702655736,"LINESTRING (-99.64177 19.27078, -99.64174 19.27081, -99.64171 19.27085, -99.64169 19.27089, -99.64168 19.27092, -99.64167 19.27099, -99.64166 19.27108, -99.64165 19.27128)",1178942630,76.0,GYM MIXTO,105757.41484828012,19.271074350291112,-99.64166062774544,No encontrado
702655736,"LINESTRING (-99.64177 19.27078, -99.64174 19.27081, -99.64171 19.27085, -99.64169 19.27089, -99.64168 19.27092, -99.64167 19.27099, -99.64166 19.27108, -99.64165 19.27128)",1262693538,83.0,GRADUACIONES TOLUCA Y METEPEC,105757.41484828012,19.271132214163988,-99.64165738929181,No encontrado
1296203495,"LINESTRING (-99.64097 19.27097, -99.64003 19.27119)",1178918575,17.0,REFACCIONES,54744.49903972584,19.2710074,-99.64081019999999,No encontrado
1296203495,"LINESTRING (-99.64097 19.27097, -99.64003 19.27119)",1178918574,21.0,EXTINTORES,54744.49903972584,19.2710162,-99.64077259999999,Prodisa Extintores
1296203495,"LINESTRING (-99.64097 19.27097, -99.64003 19.27119)",1178918573,46.0,VOLK'S,54744.49903972584,19.271071199999998,-99.6405376,No encontrado
1296203495,"LINESTRING (-99.64097 19.27097, -99.64003 19.27119)",1178918572,77.0,EURO LLANTAS,54744.49903972584,19.2711394,-99.64024619999999,No encontrado
702711207,"LINESTRING (-99.64193 19.27094, -99.64231 19.27129)",1178943281,28.0,MASTER CAR,5681.59077281775,19.271038,-99.6420364,No encontrado
1179195613,"LINESTRING (-99.64227 19.27103, -99.64246 19.2712)",1178908269,11.0,TIENDA DE ABARROTES,1404.2002061065793,19.2710487,-99.64229089999999,No encontrado
702718003,"LINESTRING (-99.63613 19.27093, -99.63518 19.27117)",1222805246,56.0,ESCUELA ADOLFO LÓPEZ MATEOS,55487.712337318655,19.2710644,-99.635598,No encontrado
702679754,"LINESTRING (-99.63758 19.27101, -99.63646 19.27128)",1178943306,34.0,SERVICIO EL AGUILA,59942.94155486585,19.2711018,-99.6371992,No encontrado
702679754,"LINESTRING (-99.63758 19.27101, -99.63646 19.27128)",1178943307,46.0,TIENDA DE ABARROTES,59942.94155486585,19.271134200000002,-99.6370648,No encontrado
702679754,"LINESTRING (-99.63758 19.27101, -99.63646 19.27128)",1179042772,54.0,TALLER MECANICO AUTOMOTRIZ AMADOR,59942.94155486585,19.2711558,-99.6369752,No encontrado
702679754,"LINESTRING (-99.63758 19.27101, -99.63646 19.27128)",1179042773,65.0,SERVICIO TORRES,59942.94155486585,19.2711855,-99.636852,No encontrado
939199334,"LINESTRING (-99.64003 19.27119, -99.63919 19.27139)",1178942789,63.0,DINTER GAMA,51843.74746392236,19.271316,-99.6395008,No encontrado
702917523,"LINESTRING (-99.64193 19.27094, -99.64183 19.27102, -99.6418 19.27105, -99.64179 19.27109, -99.64177 19.27132)",1178942593,42.0,CRISTALES AUTOMOTRICES,72842.5847004834,19.271040592642247,-99.64180940735775,No encontrado
702917523,"LINESTRING (-99.64193 19.27094, -99.64183 19.27102, -99.6418 19.27105, -99.64179 19.27109, -99.64177 19.27132)",1178942592,65.0,ACCESORIOS CHINO,72842.5847004834,19.271098723565654,-99.64178924142908,No encontrado
702917523,"LINESTRING (-99.64193 19.27094, -99.64183 19.27102, -99.6418 19.27105, -99.64179 19.27109, -99.64177 19.27132)",1178942591,79.0,IPESA,72842.5847004834,19.271187234139393,-99.64178154485744,No encontrado
1159135878,"LINESTRING (-99.64246 19.2712, -99.64258 19.2713)",1233461526,1.0,DAR TOLUCA,,,,
1159135878,"LINESTRING (-99.64246 19.2712, -99.64258 19.2713)",1178943255,99.0,TIENDA DE ABARROTES,,,,
702713686,"LINESTRING (-99.64231 19.27129, -99.64177 19.27132)",1175695590,65.0,DEPORTES 45,38059.5364489133,19.2713095,-99.641959,No encontrado
1159135875,"LINESTRING (-99.64231 19.27129, -99.64241 19.27138)",1178943278,78.0,BALEROS SO,1590.5573118170378,19.2713602,-99.642388,No encontrado
702711895,"LINESTRING (-99.64806 19.27123, -99.64736 19.27125)",1178937125,34.0,EL GRAN REMATE,42710.64569016252,19.2712368,-99.647822,No encontrado
702711894,"LINESTRING (-99.64736 19.27125, -99.64677 19.27125)",1137411031,83.0,SEGURIDAD PÚBLICA,38597.53937892941,19.27125,-99.6468703,No encontrado
702711893,"LINESTRING (-99.64677 19.27125, -99.6462 19.27127)",1178919087,87.0,TIENDA DE ABARROTES,38677.42511423097,19.2712674,-99.6462741,No encontrado
702711898,"LINESTRING (-99.64584 19.27128, -99.64501 19.27132)",1178940509,21.0,TIENDA DE ABARROTES,47001.36371760879,19.2712884,-99.64566570000001,No encontrado
702954816,"LINESTRING (-99.64806 19.27123, -99.64836 19.27201)",1178919389,1.0,SERVICIO VÁZQUEZ,38115.34147951933,19.271237799999998,-99.64806300000001,No encontrado
702954816,"LINESTRING (-99.64806 19.27123, -99.64836 19.27201)",1178919390,7.0,ELÉCTRICA LAMO,38115.34147951933,19.271284599999998,-99.648081,No encontrado
702954816,"LINESTRING (-99.64806 19.27123, -99.64836 19.27201)",1178919393,4.0,COMACSA,38115.34147951933,19.271261199999998,-99.648072,No encontrado
702954816,"LINESTRING (-99.64806 19.27123, -99.64836 19.27201)",1178919391,12.0,TATISMANIA,38115.34147951933,19.2713236,-99.648096,No encontrado
702954816,"LINESTRING (-99.64806 19.27123, -99.64836 19.27201)",1137706099,58.0,EL GALLITO,38115.34147951933,19.2716824,-99.648234,No encontrado
721496780,"LINESTRING (-99.63646 19.27128, -99.63541 19.27151)",1179042774,87.0,MISCELANEA,57472.11776818331,19.271480099999998,-99.63554649999999,No encontrado
702651953,"LINESTRING (-99.63919 19.27139, -99.63845 19.27154)",1178942788,36.0,REFACCIONES PARA TRANSMISION,47891.325428452714,19.271444000000002,-99.6389236,No encontrado
702651953,"LINESTRING (-99.63919 19.27139, -99.63845 19.27154)",1178942787,74.0,TIENDA DE ABARROTES,47891.325428452714,19.271501,-99.63864240000001,No encontrado
702726076,"LINESTRING (-99.64003 19.27119, -99.64 19.27164)",1178942781,84.0,PARKER STORE,36754.80324543167,19.271568000000002,-99.6400048,No encontrado
1159135876,"LINESTRING (-99.64241 19.27138, -99.64262 19.27158)",1178943279,60.0,ELEVADORES ELECTRICOS,6040.221858614124,19.2715,-99.64253599999999,No encontrado
1159135876,"LINESTRING (-99.64241 19.27138, -99.64262 19.27158)",1178943280,68.0,CARBU-VIC,6040.221858614124,19.271516000000002,-99.64255279999999,No encontrado
702655735,"LINESTRING (-99.64165 19.27128, -99.64162 19.27199)",1178942631,23.0,GOMEZ DIAZ,45691.140851005686,19.2714433,-99.6416431,No encontrado
702655735,"LINESTRING (-99.64165 19.27128, -99.64162 19.27199)",1178942632,55.0,REFACCIONES LEONY,45691.140851005686,19.2716705,-99.6416335,No encontrado
702655737,"LINESTRING (-99.64177 19.27132, -99.64175 19.27199)",1178942590,47.0,HULES AUTOMOTRICES,44148.40186184464,19.2716349,-99.6417606,No encontrado
702655737,"LINESTRING (-99.64177 19.27132, -99.64175 19.27199)",1178942589,73.0,AUTO CRISTALES DE TOLUCA,44148.40186184464,19.2718091,-99.6417554,No encontrado
702717902,"LINESTRING (-99.64347 19.27131, -99.64342 19.27205)",1178940609,29.0,DON PANCHITO,47150.74246877841,19.2715246,-99.6434555,No encontrado
702966771,"LINESTRING (-99.63919 19.27139, -99.63919 19.27184)",1178942820,43.0,LA CASA DEL TORNILLO,35709.44578331342,19.271583500000002,-99.63919,No encontrado
702966771,"LINESTRING (-99.63919 19.27139, -99.63919 19.27184)",1178942821,67.0,PROFIRE,35709.44578331342,19.2716915,-99.63919,No encontrado
702966771,"LINESTRING (-99.63919 19.27139, -99.63919 19.27184)",1178942822,73.0,BODEGA DE RADIADORES NUEVOS,35709.44578331342,19.271718500000002,-99.63919,No encontrado
1324751564,"LINESTRING (-99.64736 19.27125, -99.64729 19.27215)",1178939358,15.0,CREMERIA LALITO,52221.532869161536,19.271385,-99.6473495,No encontrado
1324751564,"LINESTRING (-99.64736 19.27125, -99.64729 19.27215)",1262693067,18.0,CREMERIA LALITO,52221.532869161536,19.271411999999998,-99.6473474,No encontrado
1324751564,"LINESTRING (-99.64736 19.27125, -99.64729 19.27215)",1137408942,89.0,ESC PRIMARIA CUAUHTEMOC,52221.532869161536,19.272051,-99.6472977,No encontrado
721216917,"LINESTRING (-99.65012 19.27188, -99.64986 19.27192, -99.64935 19.27209, -99.64906 19.27224)",1192259270,56.0,GERSA,103830.63198208921,19.272042852597522,-99.64949144220743,No encontrado
721216921,"LINESTRING (-99.65043 19.27207, -99.65064 19.27207, -99.65123 19.27213)",1202925963,1.0,MUEBLERÍA FLORIDA,,,,
1037668212,"LINESTRING (-99.63309 19.2718, -99.63265 19.27189)",1179042775,63.0,CARNICERIA 2000,36959.972276931076,19.2718567,-99.6328128,No encontrado
711807627,"LINESTRING (-99.63334 19.27183, -99.63333 19.27191, -99.63336 19.27202)",1178942894,36.0,ROGEL,31233.653003990323,19.271886671139665,-99.63333291610755,No encontrado
702678312,"LINESTRING (-99.64275 19.27146, -99.64342 19.27205)",1178939442,11.0,SERVICIO MUÑOZ,,,,
702678312,"LINESTRING (-99.64275 19.27146, -99.64342 19.27205)",1164928837,40.0,AVANTE,,,,
702992387,"LINESTRING (-99.64262 19.27158, -99.64331 19.27218)",1178939475,7.0,COMEX,,,,
702992387,"LINESTRING (-99.64262 19.27158, -99.64331 19.27218)",1178939476,14.0,ESPECIALISTAS EN SUSPENSIÓN Y DIRECCIÓN,,,,
702992387,"LINESTRING (-99.64262 19.27158, -99.64331 19.27218)",1178939476,14.0,ESPECIALISTAS EN SUSPENSIÓN,,,,
702992387,"LINESTRING (-99.64262 19.27158, -99.64331 19.27218)",1178939490,31.0,RODRIGUEZ,,,,
702992387,"LINESTRING (-99.64262 19.27158, -99.64331 19.27218)",1178939491,38.0,PERSIANAS,,,,
702992387,"LINESTRING (-99.64262 19.27158, -99.64331 19.27218)",1244288145,47.0,EQUIPOS OFICOMER,,,,
702992387,"LINESTRING (-99.64262 19.27158, -99.64331 19.27218)",1233550396,60.0,DE TODO EN SUSPENSIONES,,,,
702992387,"LINESTRING (-99.64262 19.27158, -99.64331 19.27218)",1233550396,60.0,DE TODO EN SUSPENSIONES Y DIRECCIONES,,,,
702992387,"LINESTRING (-99.64262 19.27158, -99.64331 19.27218)",1178939493,88.0,REFACCIONES EN GENERAL,,,,
702992387,"LINESTRING (-99.64262 19.27158, -99.64331 19.27218)",1178939492,69.0,SOLO AJUSTES,,,,
702992387,"LINESTRING (-99.64262 19.27158, -99.64331 19.27218)",1178940668,74.0,COMERCIALDEAUTOPARTES MIKE,,,,
1208943380,"LINESTRING (-99.64342 19.27205, -99.64359 19.27219)",1178940674,34.0,CAJAS STANDAR SAN JOSE,,,,
702711896,"LINESTRING (-99.63919 19.27184, -99.63844 19.27205)",1222702390,74.0,ESCUELA INSTITUTO ALICE MILLER,49888.290822886236,19.2719954,-99.63863500000001,No encontrado
702650172,"LINESTRING (-99.63777 19.27168, -99.63407 19.27257, -99.63371 19.27268)",1101979674,79.0,EL COMPADRE,143864.0983508266,19.272584882737032,-99.63402129286062,No encontrado
702715566,"LINESTRING (-99.63919 19.27184, -99.63919 19.27265)",1178942827,91.0,SUPER CAMBIO Y ACCESORIOS,47909.29909683522,19.2725771,-99.63919,No encontrado
702753935,"LINESTRING (-99.64583 19.27172, -99.64582 19.27264)",1178919110,32.0,REGALOS ARLEQUIN,51305.55906466961,19.2720144,-99.64582680000001,No encontrado
1296123195,"LINESTRING (-99.65065 19.27216, -99.6503 19.27215, -99.65004 19.27219, -99.64982 19.27224)",1192259019,8.0,EL PIVOTE,83397.85987806422,19.272157718834933,-99.65057015922262,No encontrado
1296123195,"LINESTRING (-99.65065 19.27216, -99.6503 19.27215, -99.65004 19.27219, -99.64982 19.27224)",1192259018,13.0,MARISCOS CAURI,83397.85987806422,19.272156293106764,-99.65052025873676,No encontrado
1296123195,"LINESTRING (-99.65065 19.27216, -99.6503 19.27215, -99.65004 19.27219, -99.64982 19.27224)",1192259017,77.0,LOJACK,83397.85987806422,19.272203677244335,-99.64997982012493,No encontrado
1324751565,"LINESTRING (-99.64729 19.27215, -99.64725 19.27261)",1178939360,50.0,DEKOR HOGAR,37476.68344445972,19.27238,-99.64726999999999,No encontrado
1324751565,"LINESTRING (-99.64729 19.27215, -99.64725 19.27261)",1178939359,65.0,TIENDA DE ABARROTES,37476.68344445972,19.272449,-99.64726399999999,No encontrado
1296123208,"LINESTRING (-99.64847 19.27225, -99.64858 19.27252)",1101383867,18.0,FARMACIAS DEL AHORRO,22075.963289904706,19.2722986,-99.64848980000001,No encontrado
721216912,"LINESTRING (-99.64982 19.27224, -99.64982 19.27255)",1192268182,22.0,TIENDA DE ABARROTES,29638.5889098992,19.2723082,-99.64982,No encontrado
1179841476,"LINESTRING (-99.64331 19.27218, -99.64351 19.27235)",1178939494,24.0,FRENOS PONCE,,,,
1179841476,"LINESTRING (-99.64331 19.27218, -99.64351 19.27235)",1178939495,36.0,TRADICAR,,,,
1179841476,"LINESTRING (-99.64331 19.27218, -99.64351 19.27235)",1178939496,75.0,TDT REFACCIONARIAS AUTOMOTRICES,,,,
1208943381,"LINESTRING (-99.64359 19.27219, -99.64383 19.2724)",1178940673,37.0,ALMOLOYA,,,,
702677999,"LINESTRING (-99.64175 19.27199, -99.64172 19.27268)",1178942597,8.0,ACUMULADORES TOTO,45066.67722009126,19.272045199999997,-99.6417476,No encontrado
702677999,"LINESTRING (-99.64175 19.27199, -99.64172 19.27268)",1178942596,22.0,CARBURADORES,45066.67722009126,19.2721418,-99.6417434,No encontrado
702677999,"LINESTRING (-99.64175 19.27199, -99.64172 19.27268)",1178942595,33.0,CENTRAL DE CLUTCH,45066.67722009126,19.2722177,-99.6417401,No encontrado
702677999,"LINESTRING (-99.64175 19.27199, -99.64172 19.27268)",1178942594,40.0,LA CAMPESINA,45066.67722009126,19.272266,-99.641738,No encontrado
702679773,"LINESTRING (-99.64162 19.27199, -99.64159 19.27268)",1178942634,83.0,LA CASA DEL PAÑAL,45066.677220489364,19.2725627,-99.64159509999999,No encontrado
1295413532,"LINESTRING (-99.64366 19.27247, -99.64376 19.27256)",1178939489,20.0,REFACCIONES MIKE,1591.7000421201535,19.272488,-99.64368,No encontrado
708766584,"LINESTRING (-99.64383 19.2724, -99.64416 19.27268)",1178940671,3.0,PALMEX,,,,
708766584,"LINESTRING (-99.64383 19.2724, -99.64416 19.27268)",1178940670,6.0,TAQUERIA EL RINCONCITO,,,,
708766584,"LINESTRING (-99.64383 19.2724, -99.64416 19.27268)",1178940669,27.0,AUTO CLUTCH TOLUCA,,,,
702719298,"LINESTRING (-99.63779 19.27209, -99.63779 19.27266)",1178943132,12.0,TIENDA CHAYO,40189.66928563247,19.2721584,-99.63779,No encontrado
702737838,"LINESTRING (-99.63648 19.27241, -99.63579 19.27258, -99.63572 19.27268)",1179042834,45.0,TIENDA DE ABARROTES,68609.45728764913,19.27252129612498,-99.6360282686692,No encontrado
702786577,"LINESTRING (-99.63946 19.27265, -99.63919 19.27265)",1178943117,38.0,SERVICIO DE CLUTCH SANCHEZ,26110.273717829925,19.27265,-99.6393574,No encontrado
702786577,"LINESTRING (-99.63946 19.27265, -99.63919 19.27265)",1178943118,29.0,DISTRIBUIDOR DE FILTROS GONHER,26110.273717829925,19.27265,-99.6393817,No encontrado
702786577,"LINESTRING (-99.63946 19.27265, -99.63919 19.27265)",1178943115,74.0,BOOSTER SANDOVAL,26110.273717829925,19.27265,-99.6392602,No encontrado
702713360,"LINESTRING (-99.63248 19.27131, -99.63265 19.27189)",1179042804,86.0,INTERCARNES,34846.68526477541,19.2718088,-99.6326262,No encontrado
702909774,"LINESTRING (-99.633 19.27142, -99.63309 19.2718)",1179042186,47.0,LAS CAZUELAS,29147.090617625407,19.271598599999997,-99.6330423,No encontrado
702909774,"LINESTRING (-99.633 19.27142, -99.63309 19.2718)",1179042187,60.0,AQUA CLYVA,29147.090617625407,19.271648,-99.633054,No encontrado
1115310830,"LINESTRING (-99.63036 19.27134, -99.63031 19.27255)",1193715927,73.0,EUZKADI,59624.18063864327,19.2722233,-99.63032349999999,No encontrado
760116912,"LINESTRING (-99.63129 19.27198, -99.63153 19.27206, -99.63196 19.27213)",1174820387,54.0,HAAGEN-DAZS,,,,
1346739236,"LINESTRING (-99.62729 19.27136, -99.6273 19.27218)",1193099825,24.0,D'KAFIE METEPEC,47941.50375065633,19.2715568,-99.6272924,No encontrado
1346739236,"LINESTRING (-99.62729 19.27136, -99.6273 19.27218)",1193100676,24.0,D'KAFIE METEPEC,47941.50375065633,19.2715568,-99.6272924,No encontrado
1346739236,"LINESTRING (-99.62729 19.27136, -99.6273 19.27218)",1193092104,32.0,LOS REGIOS,47941.50375065633,19.271622400000002,-99.6272932,No encontrado
1346739236,"LINESTRING (-99.62729 19.27136, -99.6273 19.27218)",1185639858,51.0,ULTIMATE GYM,47941.50375065633,19.2717782,-99.6272951,Ultimate Gym; Ultimate Gym Metepec
1346739236,"LINESTRING (-99.62729 19.27136, -99.6273 19.27218)",1048852772,96.0,JAR DE N JUAN ENRIQUE PESTALOZZI,47941.50375065633,19.2721472,-99.6272996,No encontrado
1341259861,"LINESTRING (-99.62439 19.27162, -99.62464 19.27192)",1174718650,66.0,LA CHISMOSA,14793.748490413755,19.271818,-99.624555,No encontrado
702685562,"LINESTRING (-99.61857 19.27142, -99.61853 19.273)",1210225272,17.0,IXOYE,67662.95505490647,19.2716886,-99.61856320000001,No encontrado
1179527146,"LINESTRING (-99.63156 19.27225, -99.63129 19.27232)",1202965262,70.0,PEMEX,29666.622196159584,19.272299,-99.631371,No encontrado
1346739237,"LINESTRING (-99.6273 19.27218, -99.62731 19.27275)",1193091760,1.0,STALKS TATTOO,39874.29576880798,19.272185699999998,-99.6273001,No encontrado
1346739237,"LINESTRING (-99.6273 19.27218, -99.62731 19.27275)",1193093193,37.0,PARROQUIA DE SAN FRANCISCO DE ASÍS,39874.29576880798,19.272390899999998,-99.6273037,No encontrado
1346739237,"LINESTRING (-99.6273 19.27218, -99.62731 19.27275)",1222662701,59.0,ESCUELA MELCHOR OCAMPO,39874.29576880798,19.2725163,-99.6273059,No encontrado
702685754,"LINESTRING (-99.62011 19.27274, -99.61993 19.27277, -99.61973 19.27281)",1224038405,66.0,FARRAM,48093.833272134696,19.272783696523373,-99.61986151738314,No encontrado
702689299,"LINESTRING (-99.61973 19.27281, -99.61935 19.27291)",1048905503,62.0,ESC PRIMARIA PRIMERO DE MAYO,35254.2684581462,19.272872,-99.6194944,No encontrado
1346742228,"LINESTRING (-99.63031 19.27255, -99.63007 19.2726)",1137706606,64.0,CONTINENTAL,27343.77852636106,19.272582,-99.6301564,Automotriz Continental
1346742229,"LINESTRING (-99.63007 19.2726, -99.62928 19.27277)",1222717215,58.0,ESCUELA JARDÍN DE NIÑOS BUSY BEES,49764.20352024096,19.272698600000002,-99.62961179999999,No encontrado
1346224018,"LINESTRING (-99.60439 19.27182, -99.6044 19.27215)",1222899643,86.0,PART NO 0614 INST. CENCA S. C.,30164.049166472614,19.2721038,-99.6043986,No encontrado
1346224026,"LINESTRING (-99.6044 19.27239, -99.604 19.27239)",1048859202,12.0,INSTITUTO CENCA,31780.47424091674,19.27239,-99.60435199999999,No encontrado
1335852217,"LINESTRING (-99.61152 19.27293, -99.61163 19.27297, -99.61172 19.27307, -99.6117 19.27316, -99.61165 19.27324, -99.61153 19.27334)",1148694948,99.0,CAMPO DE GOLF SAN CARLOS,,,,
1176020066,"LINESTRING (-99.60709 19.27162, -99.60704 19.27412)",1048859349,1.0,PLAZA PROVIDENCIA,84915.15963568933,19.271645,-99.6070895,No encontrado
702949126,"LINESTRING (-99.63995 19.27265, -99.63946 19.27265)",1178942770,52.0,TIENDA DE ABARROTES,35174.49169682791,19.27265,-99.6396952,No encontrado
702949126,"LINESTRING (-99.63995 19.27265, -99.63946 19.27265)",1178942769,83.0,BOOSTER E HIDROVAC DE TOLUCA,35174.49169682791,19.27265,-99.6395433,No encontrado
1346741710,"LINESTRING (-99.64349 19.27266, -99.64323 19.27266)",1178942529,67.0,TURBOS,25622.1859532094,19.27266,-99.6433158,No encontrado
1346741710,"LINESTRING (-99.64349 19.27266, -99.64323 19.27266)",1178942530,52.0,GRUPO CEUG,25622.1859532094,19.27266,-99.6433548,Grupo CEUG Centro De Estudios
708766589,"LINESTRING (-99.64582 19.27264, -99.64434 19.27268)",1178940477,10.0,TIENDA DE ABARROTES,62051.20983877516,19.272644,-99.645672,No encontrado
708766589,"LINESTRING (-99.64582 19.27264, -99.64434 19.27268)",1178940478,76.0,SAGALO DE TOLUCA,62051.20983877516,19.2726704,-99.6446952,No encontrado
702953106,"LINESTRING (-99.63995 19.27265, -99.64072 19.27267)",1178942677,21.0,BAZAR CHACHARAS,,,,
702953106,"LINESTRING (-99.63995 19.27265, -99.64072 19.27267)",1178942678,56.0,LA RICA TORTA,,,,
702953106,"LINESTRING (-99.63995 19.27265, -99.64072 19.27267)",1178942680,93.0,TIENDA DE ABARROTES,,,,
702953106,"LINESTRING (-99.63995 19.27265, -99.64072 19.27267)",1178942679,81.0,COMICA CORRIDA,,,,
1346741707,"LINESTRING (-99.64323 19.27266, -99.64293 19.27267)",1178942528,35.0,ESTRELLA BLANCA,28032.712621566992,19.2726635,-99.643125,No encontrado
1346741707,"LINESTRING (-99.64323 19.27266, -99.64293 19.27267)",1178942527,55.0,LONCHERIA LETY,28032.712621566992,19.2726655,-99.643065,No encontrado
1346741707,"LINESTRING (-99.64323 19.27266, -99.64293 19.27267)",1178942526,69.0,AVANTE,28032.712621566992,19.2726669,-99.643023,No encontrado
1346741707,"LINESTRING (-99.64323 19.27266, -99.64293 19.27267)",1178942531,35.0,RAMPSA AUTOPARTES,28032.712621566992,19.2726635,-99.643125,No encontrado
938804024,"LINESTRING (-99.64376 19.27256, -99.64403 19.27278)",1178942509,51.0,UNITAM,,,,
1346737602,"LINESTRING (-99.64105 19.27267, -99.64072 19.27267)",1178942682,66.0,EFL,28865.994664710473,19.27267,-99.6408322,No encontrado
1346737602,"LINESTRING (-99.64105 19.27267, -99.64072 19.27267)",1178942681,29.0,MERCADO DIESEL GMC,28865.994664710473,19.27267,-99.6409543,No encontrado
702984810,"LINESTRING (-99.64293 19.27267, -99.64228 19.27267)",1178919344,78.0,ARAUJO REFACIONES DIESEL,40512.27160320811,19.27267,-99.64242300000001,No encontrado
702984810,"LINESTRING (-99.64293 19.27267, -99.64228 19.27267)",1178919345,43.0,TURBOS DEL VALLE,40512.27160320811,19.27267,-99.6426505,No encontrado
702984810,"LINESTRING (-99.64293 19.27267, -99.64228 19.27267)",1178919343,95.0,ALTAMIRANO,40512.27160320811,19.27267,-99.6423125,Paquetería Express Altamirano
702984810,"LINESTRING (-99.64293 19.27267, -99.64228 19.27267)",1178919346,83.0,REFACCIONES DIESEL,40512.27160320811,19.27267,-99.6423905,No encontrado
702984810,"LINESTRING (-99.64293 19.27267, -99.64228 19.27267)",1164891892,64.0,FESTER,40512.27160320811,19.27267,-99.642514,No encontrado
702786627,"LINESTRING (-99.64861 19.2726, -99.64725 19.27261)",1178918853,21.0,TAQUERIA EL GUERO,58841.65566093211,19.2726021,-99.6483244,No encontrado
702786627,"LINESTRING (-99.64861 19.2726, -99.64725 19.27261)",1178918855,78.0,CUERVO,58841.65566093211,19.2726078,-99.6475492,No encontrado
702786627,"LINESTRING (-99.64861 19.2726, -99.64725 19.27261)",1178918854,23.0,TIENDA DE ABARROTES,58841.65566093211,19.2726023,-99.6482972,No encontrado
702786627,"LINESTRING (-99.64861 19.2726, -99.64725 19.27261)",1178918856,93.0,PAPELERIA CHISPITA,58841.65566093211,19.2726093,-99.6473452,No encontrado
702786627,"LINESTRING (-99.64861 19.2726, -99.64725 19.27261)",1178918859,51.0,CARNITAS LUPITA,58841.65566093211,19.2726051,-99.6479164,No encontrado
702786627,"LINESTRING (-99.64861 19.2726, -99.64725 19.27261)",1178918858,54.0,PAPELERIA YENI,58841.65566093211,19.2726054,-99.6478756,No encontrado
702786627,"LINESTRING (-99.64861 19.2726, -99.64725 19.27261)",1178918857,69.0,TOMATO PIE,58841.65566093211,19.2726069,-99.6476716,No encontrado
702786623,"LINESTRING (-99.64725 19.27261, -99.64627 19.27263)",1178919509,13.0,TORTILLERIA,50310.74772428379,19.2726126,-99.6471226,No encontrado
702786623,"LINESTRING (-99.64725 19.27261, -99.64627 19.27263)",1178919510,97.0,ANGY CON,50310.74772428379,19.2726294,-99.6462994,No encontrado
702786618,"LINESTRING (-99.64228 19.27267, -99.64172 19.27268)",1178942543,30.0,AUTOREFACCIONES,37978.037016574424,19.272673,-99.642112,No encontrado
702786618,"LINESTRING (-99.64228 19.27267, -99.64172 19.27268)",1178942565,82.0,"MOTORES DIESEL Y TRANSMISIONES DE TOLUCA, S.A. DE C.V.",37978.037016574424,19.2726782,-99.6418208,No encontrado
702786618,"LINESTRING (-99.64228 19.27267, -99.64172 19.27268)",1178942565,82.0,MOTORES DIESEL Y TRANSMISIONES,37978.037016574424,19.2726782,-99.6418208,No encontrado
702786618,"LINESTRING (-99.64228 19.27267, -99.64172 19.27268)",1178942542,55.0,REFACCIONES ETSI,37978.037016574424,19.272675500000002,-99.64197200000001,No encontrado
702786618,"LINESTRING (-99.64228 19.27267, -99.64172 19.27268)",1178942545,14.0,PARTES DIESEL DE TOLUCA,37978.037016574424,19.2726714,-99.6422016,No encontrado
1346737605,"LINESTRING (-99.64124 19.27267, -99.64159 19.27268)",1178942684,31.0,LA POSTA JUNIOR,,,,
1346737605,"LINESTRING (-99.64124 19.27267, -99.64159 19.27268)",1178942683,11.0,LAMBRUSSCO,,,,
708766588,"LINESTRING (-99.64434 19.27268, -99.64416 19.27268)",1178940672,44.0,EL BENDIX,21318.940341334874,19.27268,-99.6442608,No encontrado
1179257544,"LINESTRING (-99.64172 19.27268, -99.64172 19.27305)",1178942556,45.0,BOLSITAS,32380.0573784426,19.2728465,-99.64172,No encontrado
1179257544,"LINESTRING (-99.64172 19.27268, -99.64172 19.27305)",1178942555,91.0,SHERLY,32380.0573784426,19.273016700000003,-99.64172,No encontrado
938804025,"LINESTRING (-99.64403 19.27278, -99.64427 19.27299)",1178942510,42.0,FIX FERRETERIAS,,,,
799983333,"LINESTRING (-99.63845 19.27266, -99.63779 19.27266)",1178942927,30.0,SCANIA,40822.71855549196,19.27266,-99.63825200000001,No encontrado
799983333,"LINESTRING (-99.63845 19.27266, -99.63779 19.27266)",1178942926,75.0,PROVEEDORA AUTOMOTRIZ,40822.71855549196,19.27266,-99.637955,No encontrado
702723784,"LINESTRING (-99.63644 19.27265, -99.63572 19.27268)",1203383019,54.0,OXXO,43623.45339232036,19.2726662,-99.6360512,No encontrado
702723783,"LINESTRING (-99.63779 19.27266, -99.63736 19.27267)",1228495442,81.0,ESCUELA INSTITUTO LIVINGSTONE,33377.86693847019,19.2726681,-99.6374417,No encontrado
702723783,"LINESTRING (-99.63779 19.27266, -99.63736 19.27267)",1178942898,63.0,INSTITUTO LIVINGSTONE,33377.86693847019,19.2726663,-99.6375191,No encontrado
702723783,"LINESTRING (-99.63779 19.27266, -99.63736 19.27267)",1178991488,81.0,INSTITUTO A&L,33377.86693847019,19.2726681,-99.6374417,No encontrado
702723786,"LINESTRING (-99.63652 19.27266, -99.63692 19.27268)",1137473928,43.0,EL GALLITO,,,,
702723782,"LINESTRING (-99.63736 19.27267, -99.63692 19.27268)",1178942866,43.0,LARESGOITI DIVISION,33753.989527767546,19.272674300000002,-99.6371708,No encontrado
702786675,"LINESTRING (-99.63572 19.27268, -99.63371 19.27268)",1178939419,49.0,BERMAC,71240.90870906586,19.27268,-99.6347351,No encontrado
702725290,"LINESTRING (-99.63946 19.27265, -99.63947 19.27316)",1178943141,68.0,AUTOSERVICIO EL FLAVIS,37682.05219119165,19.2729968,-99.63946680000001,No encontrado
702725290,"LINESTRING (-99.63946 19.27265, -99.63947 19.27316)",1178943140,82.0,ANTOJITOS MEXICANOS MALE,37682.05219119165,19.2730682,-99.6394682,No encontrado
1193827838,"LINESTRING (-99.64725 19.27261, -99.6472 19.27326)",1178919023,9.0,POLLOS,44363.90594841637,19.2726685,-99.6472455,No encontrado
1193827838,"LINESTRING (-99.64725 19.27261, -99.6472 19.27326)",1178919024,32.0,TIENDA DE ABARROTES,44363.90594841637,19.272818,-99.647234,No encontrado
1193827838,"LINESTRING (-99.64725 19.27261, -99.6472 19.27326)",1178919025,36.0,MERCERIA,44363.90594841637,19.272844,-99.647232,No encontrado
702753939,"LINESTRING (-99.64582 19.27264, -99.6458 19.27358)",1178940453,21.0,MISCELANEA SUSY,52097.836069366844,19.2728374,-99.6458158,No encontrado
702753939,"LINESTRING (-99.64582 19.27264, -99.6458 19.27358)",1178940454,35.0,LA CASITA DE MEMIS,52097.836069366844,19.272969,-99.645813,No encontrado
1296123223,"LINESTRING (-99.64878 19.2731, -99.64893 19.27345)",1048826417,18.0,PROF FILIBERTO NAVAS VALDEZ,24759.810647089187,19.273163,-99.648807,No encontrado
1358112266,"LINESTRING (-99.64159 19.27268, -99.64158 19.27318)",1178908176,24.0,KURIWARE,37974.9887390221,19.2728,-99.6415876,No encontrado
1358112266,"LINESTRING (-99.64159 19.27268, -99.64158 19.27318)",1178908177,67.0,MAXI SHOES,37974.9887390221,19.273015,-99.64158330000001,No encontrado
1358112266,"LINESTRING (-99.64159 19.27268, -99.64158 19.27318)",1178908178,86.0,TORREY,37974.9887390221,19.27311,-99.6415814,No encontrado
1179841472,"LINESTRING (-99.64437 19.27285, -99.64457 19.27303)",1178942488,89.0,MOLDURAS Y HERRAJES,2251.585586429242,19.273010199999998,-99.644548,No encontrado
1358112262,"LINESTRING (-99.64172 19.27305, -99.64172 19.27319)",1178942558,41.0,TIENDA DE ABARROTES,19917.759276621484,19.2731074,-99.64172,No encontrado
1208943429,"LINESTRING (-99.64457 19.27303, -99.6451 19.2735)",1178942487,19.0,SAYER LACK,,,,
1208943429,"LINESTRING (-99.64457 19.27303, -99.6451 19.2735)",1178942486,44.0,CASA GARAT,,,,
1208943429,"LINESTRING (-99.64457 19.27303, -99.6451 19.2735)",1178942485,52.0,JOSÉ MARÍA PINO SUÁREZ 1408,,,,
1208943429,"LINESTRING (-99.64457 19.27303, -99.6451 19.2735)",1178942484,77.0,TIENDA DE ABARROTES,,,,
702718741,"LINESTRING (-99.64982 19.27255, -99.64988 19.27402)",1192268180,3.0,BIOCLEAN O&G,63356.6238728291,19.2725941,-99.64982180000001,No encontrado
702718741,"LINESTRING (-99.64982 19.27255, -99.64988 19.27402)",1192268180,3.0,LAVANDERÍA Y TINTORERÍA BIOCLEAN O&G,63356.6238728291,19.2725941,-99.64982180000001,No encontrado
702718741,"LINESTRING (-99.64982 19.27255, -99.64988 19.27402)",1137408262,16.0,GARIS,63356.6238728291,19.272785199999998,-99.6498296,Servicio Comercial Garis La Torre
702718741,"LINESTRING (-99.64982 19.27255, -99.64988 19.27402)",1202555700,43.0,FILIBERTO NAVA,63356.6238728291,19.2731821,-99.64984580000001,"Unidad Deportiva Profesor Filiberto Navas Valdez; Unidad Deportiva Profesor ""Filiberto Navas Valdés"""
702718741,"LINESTRING (-99.64982 19.27255, -99.64988 19.27402)",1192268179,45.0,CUALE,63356.6238728291,19.2732115,-99.649847,No encontrado
702718741,"LINESTRING (-99.64982 19.27255, -99.64988 19.27402)",1192268181,87.0,ESTÉTICA VANESSA,63356.6238728291,19.2738289,-99.6498722,No encontrado
721216910,"LINESTRING (-99.64861 19.2726, -99.64818 19.27312, -99.64749 19.27398)",1191995964,30.0,PROSPERA DELEGACIÓN ESTATAL,115236.220150309,19.272955349162817,-99.6483161535769,No encontrado
1193827839,"LINESTRING (-99.6472 19.27326, -99.64718 19.27359)",1178919026,47.0,QUESADILLAS,31394.575604730526,19.2734151,-99.6471906,No encontrado
1338539069,"LINESTRING (-99.64844 19.27329, -99.64786 19.27407)",1210225218,44.0,"CABALLEROS DE COLÓN,",60619.95459025628,19.2736332,-99.6481848,No encontrado
1338539069,"LINESTRING (-99.64844 19.27329, -99.64786 19.27407)",1110723370,81.0,NIZU,60619.95459025628,19.2739218,-99.64797019999999,No encontrado
702910081,"LINESTRING (-99.64293 19.27267, -99.64293 19.27404)",1178809317,88.0,BALATAS Y BALEROS,62307.20914897327,19.2738756,-99.64293,No encontrado
1358112267,"LINESTRING (-99.64158 19.27318, -99.64158 19.27353)",1178908179,30.0,DISTEMEX,31492.76183864291,19.273285,-99.64158,No encontrado
1358112263,"LINESTRING (-99.64172 19.27319, -99.64172 19.27353)",1178942557,52.0,ECLIPSE,31039.60404657845,19.2733668,-99.64172,No encontrado
708725711,"LINESTRING (-99.64427 19.27299, -99.64419 19.274)",1178942503,48.0,DELICIOUS,55353.809859429704,19.2734748,-99.6442316,No encontrado
708725711,"LINESTRING (-99.64427 19.27299, -99.64419 19.274)",1178942501,50.0,TIENDA DE ABARROTES,55353.809859429704,19.273495,-99.64423,No encontrado
708725711,"LINESTRING (-99.64427 19.27299, -99.64419 19.274)",1178942502,62.0,TELCEL,55353.809859429704,19.2736162,-99.6442204,No encontrado
708725711,"LINESTRING (-99.64427 19.27299, -99.64419 19.274)",1137408562,66.0,TELMEX,55353.809859429704,19.2736566,-99.6442172,No encontrado
708725711,"LINESTRING (-99.64427 19.27299, -99.64419 19.274)",1178907841,78.0,EL CODZITO,55353.809859429704,19.2737778,-99.6442076,No encontrado
708725711,"LINESTRING (-99.64427 19.27299, -99.64419 19.274)",1178907842,88.0,ROSS MOND,55353.809859429704,19.273878800000002,-99.6441996,No encontrado
708725711,"LINESTRING (-99.64427 19.27299, -99.64419 19.274)",1178907843,94.0,AGRO-TOLUCA,55353.809859429704,19.2739394,-99.6441948,No encontrado
1208943439,"LINESTRING (-99.6451 19.2735, -99.64535 19.27372)",1178942483,62.0,JOZU,,,,
1358112268,"LINESTRING (-99.64158 19.27353, -99.64158 19.2737)",1178707596,76.0,SENSACION,21948.30365300034,19.2736592,-99.64158,No encontrado
1358112261,"LINESTRING (-99.64172 19.27353, -99.64171 19.27404)",1164891462,44.0,MIKEL'S,38346.27218918629,19.2737544,-99.64171560000001,No encontrado
1358112261,"LINESTRING (-99.64172 19.27353, -99.64171 19.27404)",1138101293,44.0,COMEX,38346.27218918629,19.2737544,-99.64171560000001,No encontrado
1179841475,"LINESTRING (-99.64158 19.2737, -99.64158 19.27404)",1010817675,10.0,FARMACIAS SIMILARES,31039.60404641628,19.273734,-99.64158,No encontrado
1179841475,"LINESTRING (-99.64158 19.2737, -99.64158 19.27404)",1224041535,21.0,DR. AHORRO TOLUCA 2,31039.60404641628,19.2737714,-99.64158,No encontrado
702727861,"LINESTRING (-99.63947 19.27316, -99.63947 19.27405)",1178806063,90.0,PLANETA TENIS,50219.50321222364,19.273961,-99.63947,No encontrado
1246011447,"LINESTRING (-99.62865 19.27271, -99.62896 19.27272, -99.62909 19.27273, -99.62921 19.27276)",1161897089,87.0,EL LIENZO,,,,
702713666,"LINESTRING (-99.62731 19.27275, -99.62702 19.27276)",1210170931,51.0,IGLESIA DE SAN FRANCISCO DE ASÍS COAXUSCO,27578.6559846072,19.2727551,-99.62716209999999,No encontrado
702713666,"LINESTRING (-99.62731 19.27275, -99.62702 19.27276)",1210170931,51.0,IGLA. DE SAN FCO. DE ASÍS COAXUSCO,27578.6559846072,19.2727551,-99.62716209999999,No encontrado
1346735536,"LINESTRING (-99.63337 19.27268, -99.63288 19.27278)",1179042857,86.0,SERICIO ELECTRICO,38995.05627077622,19.272766,-99.6329486,No encontrado
1346735537,"LINESTRING (-99.63288 19.27278, -99.6326 19.27283)",1202925917,45.0,MUEBLERÍA ROMERO,29132.11264623753,19.2728025,-99.632754,No encontrado
702921819,"LINESTRING (-99.6323 19.2729, -99.63252 19.2731)",1112991418,10.0,CHEVY SAN CARLOS SA DE CV,3353.265791734473,19.27292,-99.632322,No encontrado
702644735,"LINESTRING (-99.63252 19.2731, -99.63292 19.27347)",1178937151,98.0,TIENDA DE ABARROTES,6203.2609507619645,19.2734626,-99.632912,No encontrado
702679887,"LINESTRING (-99.63439 19.27321, -99.63364 19.27344)",1017121668,53.0,ESC SEC 13 HEROES DE CHAPULTEPEC,50452.79060483285,19.2733319,-99.6339925,No encontrado
702679887,"LINESTRING (-99.63439 19.27321, -99.63364 19.27344)",1222783544,98.0,OFIC NO 0013 HÉROES DE CHAPULTEPEC,50452.79060483285,19.2734354,-99.633655,No encontrado
702689305,"LINESTRING (-99.61735 19.27297, -99.61772 19.27299)",1244286310,49.0,FARRAM,,,,
702689305,"LINESTRING (-99.61735 19.27297, -99.61772 19.27299)",1244294592,49.0,POLLERÍA Y RECAUDERIA,,,,
702689303,"LINESTRING (-99.61811 19.27299, -99.61853 19.273)",1048906916,83.0,CERVEFRIO,,,,
780301996,"LINESTRING (-99.62216 19.27274, -99.62212 19.27407)",1222820820,87.0,ESCUELA EDUCAR,62208.02881123102,19.2738971,-99.6221252,No encontrado
702699888,"LINESTRING (-99.61896 19.27298, -99.61891 19.27308, -99.61889 19.27387)",1222815747,22.0,ESCUELA PROFRA. SILVINA JARDON,68083.83710837938,19.273054007741965,-99.61892299612902,No encontrado
702699888,"LINESTRING (-99.61896 19.27298, -99.61891 19.27308, -99.61889 19.27387)",1164892696,27.0,JARDÍN DE NIÑOS SILVINA JARDÓN,68083.83710837938,19.27307082768332,-99.61891458615834,No encontrado
780301984,"LINESTRING (-99.62336 19.27318, -99.62333 19.27397)",1059365919,68.0,IGLESIA SAN GABRIEL,48107.96117404418,19.2737172,-99.6233396,No encontrado
780302004,"LINESTRING (-99.62054 19.27274, -99.62049 19.27422)",1024686983,86.0,OXXO,65727.8451627403,19.2740128,-99.620497,No encontrado
702984242,"LINESTRING (-99.62019 19.27273, -99.62015 19.27426)",1164892498,66.0,ESC TELESECUNDARIA CUITLAHUAC,66607.70754791546,19.2737398,-99.6201636,No encontrado
702680390,"LINESTRING (-99.5942 19.27332, -99.59398 19.27389)",1059489708,34.0,TORTILLERIA,46590.8107231834,19.2735138,-99.59412520000001,No encontrado
702720934,"LINESTRING (-99.61611 19.27294, -99.61606 19.27466)",1059229539,0.0,FARMACIA SAN CARLOS,70712.4325206797,19.27294,-99.61611,No encontrado
702712580,"LINESTRING (-99.5322 19.27058, -99.5331 19.27059)",1164893520,49.0,JAR DE NIÑOS MA ENRIQUETA CAMARILLO,,,,
702712580,"LINESTRING (-99.5322 19.27058, -99.5331 19.27059)",1244750190,49.0,TIENDA DE ESCUELA PRIMARIA,,,,
